{
  "shadowcast": "v6",
  "mode": "Manhattan",
  "stack": "Bilayer",
  "parameters": {
    "t_pmma": 250,
    "t_mma": 900,
    "undercut": 150,
    "angle1": 60,
    "phi1": 9,
    "t_metal1": 30,
    "angle2": 60,
    "phi2": 82,
    "t_metal2": 30,
    "bridge_len": 700,
    "bridge_w": 300,
    "bridge_pmma_gap": 0.0,
    "manhattan_wx": 600,
    "manhattan_wy": 600,
    "manhattan_theta": 60.0,
    "manhattan_delta": 9,
    "manhattan_h": 1150.0,
    "mode": "Manhattan",
    "stack": "Bilayer",
    "tri_t1": 80.0,
    "tri_t2": 10.0,
    "tri_t3": 10.0,
    "tri_t4": 150.0,
    "tri_angle2": 0.0,
    "tri_phi2": 0.0,
    "tri_angle4": 0.0,
    "tri_phi4": 0.0
  },
  "ray_scan": {
    "resolution": "Maximum (slowest)",
    "max_cells": 420,
    "min_vox_nm": 2.0,
    "voxel_nm": 8.380952380952381
  },
  "results": {
    "junction_area_nm2": 121094.38548752834,
    "overlap_x_nm": 352.0,
    "overlap_y_nm": 326.8571428571429,
    "n_junctions": 1,
    "est_Ic_uA": 12.109438548752834,
    "L_J_nH": 0.027177641403477653,
    "E_J_J": 3.985288622375674e-21,
    "E_J_over_h_GHz": 6014.558451928968,
    "E_J_over_kB_K": 288.6532798977636,
    "junctions": [
      {
        "area_nm2": 121094.38548752834,
        "overlap_x_nm": 352.0,
        "overlap_y_nm": 326.8571428571429,
        "center_x_nm": 218.61773465268396,
        "center_y_nm": 250.90159157137577,
        "cells": 1724
      }
    ]
  }
}