{
  "shadowcast": "v6",
  "mode": "Manhattan",
  "stack": "Bilayer",
  "parameters": {
    "t_pmma": 300,
    "t_mma": 200,
    "undercut": 150,
    "angle1": 45,
    "phi1": 0,
    "t_metal1": 40,
    "angle2": 45,
    "phi2": 90,
    "t_metal2": 60,
    "bridge_len": 700,
    "bridge_w": 300,
    "bridge_pmma_gap": 0.0,
    "manhattan_wx": 200,
    "manhattan_wy": 200,
    "manhattan_theta": 45.0,
    "manhattan_delta": 1.0,
    "manhattan_h": 300.0,
    "mode": "Manhattan",
    "stack": "Bilayer",
    "tri_t1": 80.0,
    "tri_t2": 10.0,
    "tri_t3": 10.0,
    "tri_t4": 150.0,
    "tri_angle2": 0.0,
    "tri_phi2": 0.0,
    "tri_angle4": 0.0,
    "tri_phi4": 0.0,
    "sidewall": true,
    "jc_al": 280.0,
    "jj_walls": false
  },
  "ray_scan": {
    "resolution": "Maximum (slowest)",
    "max_cells": 420,
    "min_vox_nm": 2.0,
    "voxel_nm": 5.333333333333333
  },
  "results": {
    "junction_area_nm2": 32426.666666666664,
    "overlap_x_nm": 160.0,
    "overlap_y_nm": 202.66666666666666,
    "n_junctions": 1,
    "est_Ic_uA": 0.09079466666666666,
    "L_J_nH": 3.624728087649642,
    "E_J_J": 2.988106761368596e-23,
    "E_J_over_h_GHz": 45.096213799797994,
    "E_J_over_kB_K": 2.164276917137227,
    "junctions": [
      {
        "area_nm2": 32426.666666666664,
        "overlap_x_nm": 160.0,
        "overlap_y_nm": 202.66666666666666,
        "center_x_nm": -21.333333333348836,
        "center_y_nm": -1.5802470443304628e-11,
        "cells": 1140
      }
    ]
  }
}